{"cameraMode":{"drawMode":0,"name":"Shaded","section":"Shading Mode"},"sceneLighting":true,"audioPlay":false,"sceneViewState":{"showFog":true,"showMaterialUpdate":false,"showSkybox":true,"showFlares":true,"showImageEffects":true,"showParticleSystems":true},"in2DMode":false,"pivot":{"x":462.199951171875,"y":158.89999389648438,"z":0.0},"rotation":{"x":0.28131216764450076,"y":-0.07996053248643875,"z":-0.02351960353553295,"w":-0.9559898972511292},"size":268.6005554199219,"orthographic":false}