{"cameraMode":{"drawMode":0,"name":"Shaded","section":"Shading Mode"},"sceneLighting":true,"audioPlay":false,"sceneViewState":{"showFog":true,"showMaterialUpdate":false,"showSkybox":true,"showFlares":true,"showImageEffects":true,"showParticleSystems":true},"in2DMode":false,"pivot":{"x":181.0989532470703,"y":177.68484497070313,"z":19.194963455200197},"rotation":{"x":-0.22948993742465974,"y":0.08687645196914673,"z":0.02057620882987976,"w":0.9692076444625855},"size":474.9085998535156,"orthographic":false}